<?xml version="1.0" ?>
<!-- This is the configuration file for Oracle9iAS MapViewer. -->
<!-- Note: All paths are resolved relative to this directory (where 
           this config file is located), unless specified as an absolute 
           path name.
 -->

<MapperConfig>

  <!-- ****************************************************************** -->
  <!-- ************************ Logging Settings ************************ -->
  <!-- ****************************************************************** -->

  <!-- Uncomment the following to modify logging. Possible values are:
       log_level = "fatal"|"error"|"warn"|"info"|"debug"|"finest"  
                 default: info) ;
       log_thread_name = "true" | "false" ;
       log_time = "true" | "false" ;
       one or more log_output elements.
  -->
<logging log_level="info" log_thread_name="true" 
log_time="true"> 
<log_output name="System.err" /> 
<log_output name="../log/mapviewer.log" /> 
</logging>


  <!-- ****************************************************************** -->
  <!-- ********************** Map Image Settings ************************ -->
  <!-- ****************************************************************** -->

  <!-- Uncomment the following only if you want generated images to 
       be stored in a different directory, or if you want to customize
       the life cycle of generated image files.

       By default, all maps are generated under 
       $ORACLE_HOME/lbs/mapviewer/web/images. 

       Images location-related attributes:
       file_prefix: image file prefix, default value is "omsmap"
       url:  the URL at which images can be accessed. It must match the 'path'
             attribute below. Its default value is "%HOST_URL%/mapviewer/images"
       path: the corresponding path in the server where the images are
             saved; default value is "%ORACLE_HOME%/lbs/mapviewer/web/images"

       Images life cycle-related attributes:
       life: the life period of generated images, specified in minutes. 
             If not specified or if the value is 0, images saved on disk will 
             never be deleted. 
       recycle_interval:  this attribute specifies how often the recycling 
             of generated map images will be performed. The unit is minute.
             The default interval (when not specified or if the value is 0) 
             is 8*60, or 8 hours.
             
   -->
  <!--
   <save_images_at  file_prefix="omsmap"
                   url="http://mypc.mycorp.com:8888/mapviewer/images"
                   path="../web/images"
   /> 
  -->


  <!-- ****************************************************************** -->
  <!-- ********************* IP Monitoring Settings ********************* -->
  <!-- ****************************************************************** -->

  <!-- Uncomment the following to enable IP filtering for administrative 
        requests.
    Note:
    - Use <ips> and <ip_range> to specify which IPs (and ranges) are allowed.
      Wildcard form such as 20.* is also accepted. Use a comma-delimited 
      list in <ips>.

    - Use <ips_exclude> and <ip_range_exclude> for IPs and IP ranges
      prohibited from accessing eLocation.

    - If an IP falls into both "allowed" and "prohibited" categories, it is
      prohibited.

    - If you put  "*" in an <ips> element, then all IPs are allowed, except
      those specified in <ips_exclude> and <ip_range_exclude>.
      On the other hand, if you put "*" in an <ips_exclude> element, no one
      will be able to access MapViewer (regardless of whether an IP is in
      <ips> or <ip_range>).

    - You can have multiple <ips>, <ip_range>, <ips_exclude>, and
      <ip_range_exclude> elements under <ip_monitor>.

    - If no <ip_monitor> element is present in the XML configuration
      file, then no IP filtering will be performed (all allowed).

    - The way MapViewer determines if an IP is allowed is:

          if(IP filtering is not enabled) then allow;
          if(IP is in exclude-list) then not allow;
          else if(IP is in allow-list) then allow;
          else not allow;  
   -->

  <!--
     <ip_monitor>
          <ips> 138.1.17.9, 138.1.17.21, 138.3.*, 20.* </ips>
          <ip_range> 24.17.1.3 - 24.17.1.20 </ip_range>
          <ips_exclude> 138.3.29.* </ips_exclude>
          <ip_range_exclude>20.22.34.1 - 20.22.34.255</ip_range_exclude>
     </ip_monitor>
   -->


  <!-- ****************************************************************** -->
  <!-- ********************** Web Proxy Setting  ************************ -->
  <!-- ****************************************************************** -->
  <!-- Uncomment and modify the following to specify the Web proxy setting.
       This is only needed for passing background image URLs to
       MapViewer in map requests or for setting a logo image URL, if
       such URLs cannot be accessed without the proxy.
   -->

  <!--
    <web_proxy host="www-proxy.my_corp.com"  port="80" />
  -->

  <!-- ****************************************************************** -->
  <!-- *********************** Security Configuration ******************* -->
  <!-- ****************************************************************** -->
  <!-- Here you can set various security related configurations of MapViewer.
  -->

  <security_config>
    <disable_direct_info_request> false </disable_direct_info_request>
    <disable_csf>true</disable_csf>
  </security_config>
 

  <!-- ****************************************************************** -->
  <!-- *********************** Global Map Configuration ***************** -->
  <!-- ****************************************************************** -->
  <!-- Uncomment and modify the following to specify systemwide parameters
       for generated maps. You can specify your copyright note, map title, and
       an image to be used as a custom logo shown on maps. The logo image must 
       be accessible to this MapViewer and in either GIF or JPEG format.
       Notes:
         -  To disable a global note or title, specify an empty string ("") for
            the text attribute of <note> and <title> element.
         - position specifies a relative position on the map where the
                  logo, note, or title  will be displayed. Possible values are
                  NORTH, EAST, SOUTH, WEST, NORTH_EAST, SOUTH_EAST,
                  SOUTH_WEST, NORTH_WEST, and CENTER.
         - image_path specifies a file path or a URL (starts with "http://")
                    for the image.

       <rendering> element attributes:
       - Local geodetic data adjustment: If allow_local_adjustment="true",
         MapViewer automatically performs local data
         "flattening" with geodetic data if the data window is less than
         3 decimal degrees. Specifically, MapViewer performs a simple
         mathematical transformation of the coordinates using a tangential
         plane at the current map request center.
         If allow_local_adjustment="false" (default), no adjustment is
         performed.
       - Automatically applies a globular map projection (geodetic data only): 
         If use_globular_projection="true", MapViewer will 
         apply a globular projection on the fly to geometries being displayed. 
         If use_globular_projection="false" (the default), MapViewer does no map 
         projection to geodetic geometries. This option has no effect on 
         non-geodetic data.
   -->

  <!--
    <global_map_config>
        <note text="Copyright 2004, Oracle Corporation" 
              font="sans serif" 
              position="SOUTH_EAST"/>
        <title  text="MapViewer Demo" 
                font="Serif"
                position="NORTH" />
        <logo image_path="C:\\images\\a.gif"  
              position="SOUTH_WEST" />

        <rendering allow_local_adjustment="false" 
                   use_globular_projection="false" />
    </global_map_config>
  -->


  <!-- ****************************************************************** -->
  <!-- ****************** Spatial Data Cache Setting  ******************* -->
  <!-- ****************************************************************** -->
  <!-- Uncomment and modify the following to customize the spatial data cache
       used by MapViewer. The default is 64 MB for in-memory cache.

       To disable the cache, set max_cache_size to 0.

       max_cache_size:  Maximum size of in-memory spatial cache of MapViewer.
                        Size must be specified in megabytes (MB).
       report_stats:    If you would like to see periodic output of cache
                        statistics, set this attribute to true. The default
                        is false.
   -->

  <spatial_data_cache max_cache_size="2048" report_stats="true"/>



  <!-- ****************************************************************** -->
  <!-- ******************** Custom Image Renderers ********************** -->
  <!-- ****************************************************************** -->
  <!-- Uncomment and add as many custom image renderers as needed here, 
       each in its own  <custom_image_renderer> element. The "image_format"
       attribute specifies the format of images that are to be custom 
       rendered using the class with full name specified in "impl_class". 
       You are responsible for placing the implementation classes in the
       MapViewer's classpath.
  -->
  <!-- 
  <custom_image_renderer image_format="ECW" 
                         impl_class="com.my_corp.image.ECWRenderer" />
  -->


  <!-- ****************************************************************** -->
  <!-- ****************** Custom SRS Mapping Info ****************** -->
  <!-- ****************************************************************** -->
  <!-- Uncomment and modify the following tag if you want MapViewer to
       read the file information to map SDO SRID with EPSG. Applies to
       WFS and WMS themes.
  -->
  <!--
  <srs_mapping>
    <sdo_epsg_mapfile>
      ../config/epsg_srids.properties
    </sdo_epsg_mapfile>
  </srs_mapping>
  --> 

  <!-- ****************************************************************** -->
  <!-- ****************** Custom WMS Capabilities Info ****************** -->
  <!-- ****************************************************************** -->
  <!-- Uncomment and modify the following tag if you want MapViewer to
       use the following information in its getCapabilities response.
       Note: all attributes and elements of <wms_config> are optional.
  -->
  <!--
  <wms_config host="www.my_corp.com" port="80" 
              protocol="http" default_datasource="dsrc1"
              public_datasources="dsrc1,dsrc2">
    <title>
        WMS 1.1 interface for Oracle Application Server 10g MapViewer
    </title>
    <abstract>
        This WMS service is provided through Oracle MapViewer.
    </abstract>
    <keyword_list>
       <keyword>bird</keyword>
       <keyword>roadrunner</keyword>
       <keyword>ambush</keyword>
    </keyword_list>    
    <sdo_epsg_mapfile>
      ../config/epsg_srids.properties
    </sdo_epsg_mapfile>
  </wms_config>
  -->


  <!-- ****************************************************************** -->
  <!-- **************** Custom Non-Spatial Data Provider **************** -->
  <!-- ****************************************************************** -->
  <!-- Uncomment and add as many custom non-spatial data provider as
       needed here, each in its own <ns_data_provider> element.
       You must provide the id and full class name here. Optionally you
       can also specify any number of global parameters, which MapViewer
       will pass to the data provider implementation during initialization. 
       The name and value of each parameter is interpreted only by the 
       implementation.
  -->

  <!-- this is the default data provider that comes with MapViewer; please
       refer to the MapViewer User's Guide for instructions on how to use it.
  -->
  <ns_data_provider
    id="defaultNSDP" 
    class="oracle.sdovis.NSDataProviderDefault" 
  />

  <!-- this is a sample NS data provider with prameters:
  <ns_data_provider
    id="myProvider1" class="com.mycorp.bi.NSDataProviderImpl" >

    <parameters>
      <parameter name="myparam1" value="value1" />
      <parameter name="p2"       value="v2"     />
    </parameters>

  </ns_data_provider>
  -->

  <!-- ****************************************************************** -->
  <!-- **************** Custom Spatial Data Provider **************** -->
  <!-- ****************************************************************** -->
  <!-- A Spatial data provider refer to an external source
       of spatial data. For example, system files on a specific format such
       as Shapefile or others.       
       You must define the provider id and the full class name. Also if the
       provider has some initialization parameters, you may define them here. 
       Copy the jar library file with the class to a directory that is part of 
       MapViewer's classpath. 
       
       MapViewer provides a spatial provider for Shapefiles. This provider has
       a init parameter "datadir" which defines a directory where the shapefiles
       will be searched, and a runtime parameter "filename" that defines
       the path to the shapefile (this runtime parameter comes from the 
       theme definition). 
       The definition of the init parameter "datadir" on this configuration file 
       is optional. The shapefile provider first tries to use just the "filename"
       parameter defined on the theme definition, but if the server can not access 
       the file then the "datadir" is used if it is defined. 
       MapViewer does not know the semantic of the init parameter name, and if
       the parameter corresponds to a directory, then you must define a value
       with the complete path.
       
       This is an example of a Shapefile spatial provider:
       
       <s_data_provider
         id="shapefileSDP"
         class="oracle.sdovis.ShapefileDataProvider" >
         <parameters>
            <parameter name="datadir" value="/temp/data" />
         </parameters>
       </s_data_provider>
       
  -->

  <!-- this is the default data provider that comes with MapViewer; please
       refer to the MapViewer User's Guide for instructions on how to use it
       with Custom Geometry themes.
  -->

  <s_data_provider
    id="shapefileSDP" 
    class="oracle.sdovis.ShapefileDataProvider" 
    >
    <parameters>
      <parameter name="datadir" value="/temp/data" />
    </parameters>
  </s_data_provider>


  <!-- ****************************************************************** -->
  <!-- *******************  Map Cache Server Setting  ******************* -->
  <!-- ****************************************************************** -->
  <!-- Uncomment and modify the following to customize the map tile server. 

       <tile_storage> specifies the default root directory under which the 
       cached tile images are to be stored if the map tile layer configuration
       does not specify the root directory for the map tile layer. If the 
       default root directory is not set or not valid, the default root 
       direcotry will be set to be $MAPVIEWER_HOME/web/tilecache
       
         default_root_path:  The default root directory under which the cached 
                              tile images are stored. 
      
  -->

  <!--
     <map_tile_server>
       <tile_storage default_root_path="/scratch/maptiles/"/>
    </map_tile_server>
  -->
 
 
  <!-- ****************************************************************** -->
  <!-- ******************** Predefined Data Sources  ******************** -->
  <!-- ****************************************************************** -->
  <!-- Uncomment and modify the following to predefine one or more data 
       sources.
       Note: You must precede the jdbc_password value with a '!' 
             (exclamation point), so that when MapViewer starts the next
             time, it will encrypt and replace the clear text password. 
  -->

  <!-- 
  <map_data_source name="mvdemo"
                   jdbc_host="elocation.us.oracle.com"
                   jdbc_sid="orcl"
                   jdbc_port="1521"
                   jdbc_user="scott"
                   jdbc_password="!tiger" 
                   jdbc_mode="thin"
                   number_of_mappers="3"
                   allow_jdbc_theme_based_foi="false"
   />
   -->

</MapperConfig>
