<?xml version="1.0" encoding="windows-1252"?>
<!DOCTYPE faces-config PUBLIC
  "-//Sun Microsystems, Inc.//DTD JavaServer Faces Config 1.1//EN"
  "http://java.sun.com/dtd/web-facesconfig_1_1.dtd">
<faces-config xmlns="http://java.sun.com/JSF/Configuration">
  <application>
    <default-render-kit-id>oracle.adf.core</default-render-kit-id>
    <message-bundle>oracle.mapviewer.webconsole.mvconsole</message-bundle>
    <resource-bundle>
      <base-name>
        mapviewerBundle
      </base-name>
      <var>
        bundle
      </var>
    </resource-bundle>
  </application>
  <managed-bean>
    <managed-bean-name>menu1_home</managed-bean-name>
    <managed-bean-class>oracle.mapviewer.webconsole.beans.MenuItem</managed-bean-class>
    <managed-bean-scope>session</managed-bean-scope>
    <managed-property>
      <property-name>label</property-name>
      <value>#{mvbundle['menu.home']}</value>
    </managed-property>
    <managed-property>
      <property-name>viewId</property-name>
      <value>/home.jspx</value>
    </managed-property>
    <managed-property>
      <property-name>outcome</property-name>
      <value>menu_home</value>
    </managed-property>
  </managed-bean>
  <managed-bean>
    <managed-bean-name>menu1_samplerequests</managed-bean-name>
    <managed-bean-class>oracle.mapviewer.webconsole.beans.MenuItem</managed-bean-class>
    <managed-bean-scope>session</managed-bean-scope>
    <managed-property>
      <property-name>label</property-name>
      <value>#{mvbundle['menu.sampleRequests']}</value>
    </managed-property>
    <managed-property>
      <property-name>viewId</property-name>
      <value>/requests.jspx</value>
    </managed-property>
    <managed-property>
      <property-name>outcome</property-name>
      <value>menu_requests</value>
    </managed-property>
    <managed-property>
      <property-name>children</property-name>
      <property-class>java.util.List</property-class>
      <list-entries>
        <value-class>oracle.mapviewer.webconsole.beans.MenuItem</value-class>
        <value>#{menu2_request_map}</value>
        <value>#{menu2_request_info}</value>
        <value>#{menu2_request_xfm}</value>
        <value>#{menu2_request_mcs}</value>
      </list-entries>
    </managed-property>
  </managed-bean>
  <managed-bean>
    <managed-bean-name>menu1_metadata</managed-bean-name>
    <managed-bean-class>oracle.mapviewer.webconsole.beans.MenuItem</managed-bean-class>
    <managed-bean-scope>session</managed-bean-scope>
    <managed-property>
      <property-name>label</property-name>
      <value>#{mvbundle['menu.metadata']}</value>
    </managed-property>
    <managed-property>
      <property-name>viewId</property-name>
      <value>/metadata.jspx</value>
    </managed-property>
    <managed-property>
      <property-name>outcome</property-name>
      <value>menu_metadata</value>
    </managed-property>
  </managed-bean>
  <managed-bean>
    <managed-bean-name>menu1_apis</managed-bean-name>
    <managed-bean-class>oracle.mapviewer.webconsole.beans.MenuItem</managed-bean-class>
    <managed-bean-scope>session</managed-bean-scope>
    <managed-property>
      <property-name>label</property-name>
      <value>#{mvbundle['menu.apis']}</value>
    </managed-property>
    <managed-property>
      <property-name>viewId</property-name>
      <value>/apis.jspx</value>
    </managed-property>
    <managed-property>
      <property-name>outcome</property-name>
      <value>menu_apis</value>
    </managed-property>
  </managed-bean>
  <managed-bean>
    <managed-bean-name>menuTreeModel</managed-bean-name>
    <managed-bean-class>oracle.mapviewer.webconsole.beans.MenuTreeModel</managed-bean-class>
    <managed-bean-scope>session</managed-bean-scope>
    <managed-property>
      <property-name>childProperty</property-name>
      <value>children</value>
    </managed-property>
    <managed-property>
      <property-name>listInstance</property-name>
      <property-class>java.util.List</property-class>
      <list-entries>
        <value-class>oracle.mapviewer.webconsole.beans.MenuItem</value-class>
        <value>#{menu0_admin}</value>
        <value>#{menu0_logout}</value>
        <value>#{menu0_help}</value>
        <value>#{menu1_home}</value>
        <value>#{menu1_manage}</value>        
        <value>#{menu1_samplerequests}</value>
        <value>#{menu1_demos}</value>
        <value>#{menu1_metadata}</value>
        <value>#{menu1_apis}</value>
      </list-entries>
    </managed-property>
  </managed-bean>
  <managed-bean>
    <managed-bean-name>menuModel</managed-bean-name>
    <managed-bean-class>oracle.mapviewer.webconsole.beans.MenuModelAdapter</managed-bean-class>
    <managed-bean-scope>session</managed-bean-scope>
    <managed-property>
      <property-name>viewIdProperty</property-name>
      <value>viewId</value>
    </managed-property>
    <managed-property>
      <property-name>instance</property-name>
      <value>#{menuTreeModel.model}</value>
    </managed-property>
  </managed-bean>
  <managed-bean>
    <managed-bean-name>mvbundle</managed-bean-name>
    <managed-bean-class>oracle.mapviewer.webconsole.beans.ResourceAdapter</managed-bean-class>
    <managed-bean-scope>application</managed-bean-scope>
  </managed-bean>
  <navigation-rule>
    <from-view-id>*</from-view-id>
    <navigation-case>
      <from-outcome>menu_home</from-outcome>
      <to-view-id>/home.jspx</to-view-id>
      <redirect/>
    </navigation-case>
    <navigation-case>
      <from-outcome>menu_apis</from-outcome>
      <to-view-id>/apis.jspx</to-view-id>
      <redirect/>
    </navigation-case>
    <navigation-case>
      <from-outcome>menu_requests</from-outcome>
      <to-view-id>/requests.jspx</to-view-id>
      <redirect/>
    </navigation-case>
    <navigation-case>
      <from-outcome>menu_metadata</from-outcome>
      <to-view-id>/metadata.jspx</to-view-id>
      <redirect/>
    </navigation-case>
    <navigation-case>
      <from-outcome>menu2_inforequest</from-outcome>
      <to-view-id>/request_info.jspx</to-view-id>
    </navigation-case>
    <navigation-case>
      <from-outcome>menu2_csxfmrequest</from-outcome>
      <to-view-id>/request_csxfm.jspx</to-view-id>
    </navigation-case>
    <navigation-case>
      <from-outcome>menu_demos</from-outcome>
      <to-view-id>/demos.jspx</to-view-id>
      <redirect/>
    </navigation-case>
    <navigation-case>
      <from-outcome>menu_help</from-outcome>
      <to-view-id>/help.jspx</to-view-id>
    </navigation-case>
    <navigation-case>
      <from-outcome>menu_admin</from-outcome>
      <to-view-id>/admin/admin.jspx</to-view-id>
      <redirect/>
    </navigation-case>
    <navigation-case>
      <from-outcome>menu_manage</from-outcome>
      <to-view-id>/admin/admin.jspx</to-view-id>
      <redirect/>
    </navigation-case>
    <navigation-case>
      <from-outcome>menu2_managemv</from-outcome>
      <to-view-id>/admin/admin.jspx</to-view-id>
      <redirect/>
    </navigation-case>
    <navigation-case>
      <from-outcome>menu2_managemcs</from-outcome>
      <to-view-id>/admin/mcs_admin.jspx</to-view-id>
    </navigation-case>
    <navigation-case>
      <from-outcome>menu3_dsrc</from-outcome>
      <to-view-id>/admin/admin_ds.jspx</to-view-id>
    </navigation-case>
    <navigation-case>
      <from-outcome>menu3_mcscreate</from-outcome>
      <to-view-id>/admin/admin_mcs_create.jspx</to-view-id>
    </navigation-case>
    <navigation-case>
      <from-outcome>menu3_mcsmgr</from-outcome>
      <to-view-id>/admin/mcs_admin.jspx</to-view-id>
    </navigation-case>
    <navigation-case>
      <from-outcome>menu3_geomcache</from-outcome>
      <to-view-id>/admin/admin_memcache.jspx</to-view-id>
    </navigation-case>
    <navigation-case>
      <from-outcome>menu3_mvconfig</from-outcome>
      <to-view-id>/admin/admin_mvconfig.jspx</to-view-id>
    </navigation-case>
    <navigation-case>
      <from-outcome>dialog:deleteWarn</from-outcome>
      <to-view-id>/deleteWarn.jspx</to-view-id>
    </navigation-case>
    <navigation-case>
      <from-outcome>dialog:deleteWarnMCI</from-outcome>
      <to-view-id>/deleteWarnMCI.jspx</to-view-id>
    </navigation-case>
    <navigation-case>
      <from-outcome>menu_logout</from-outcome>
      <to-view-id>/logout.jspx</to-view-id>
    </navigation-case>
    <navigation-case>
      <from-outcome>menu2_mcsreq</from-outcome>
      <to-view-id>/request_mcs.jspx</to-view-id>
    </navigation-case>
  </navigation-rule>
  <managed-bean>
    <managed-bean-name>menu2_request_map</managed-bean-name>
    <managed-bean-class>oracle.mapviewer.webconsole.beans.MenuItem</managed-bean-class>
    <managed-bean-scope>session</managed-bean-scope>
    <managed-property>
      <property-name>label</property-name>
      <value>#{mvbundle['menu2.mapRequest']}</value>
    </managed-property>
    <managed-property>
      <property-name>viewId</property-name>
      <value>/requests.jspx</value>
    </managed-property>
    <managed-property>
      <property-name>outcome</property-name>
      <value>menu_requests</value>
    </managed-property>
  </managed-bean>
  <managed-bean>
    <managed-bean-name>menu2_request_info</managed-bean-name>
    <managed-bean-class>oracle.mapviewer.webconsole.beans.MenuItem</managed-bean-class>
    <managed-bean-scope>session</managed-bean-scope>
    <managed-property>
      <property-name>label</property-name>
      <value>#{mvbundle['menu2.infoRequest']}</value>
    </managed-property>
    <managed-property>
      <property-name>viewId</property-name>
      <value>/request_info.jspx</value>
    </managed-property>
    <managed-property>
      <property-name>outcome</property-name>
      <value>menu2_inforequest</value>
    </managed-property>
  </managed-bean>
  <managed-bean>
    <managed-bean-name>menu2_request_xfm</managed-bean-name>
    <managed-bean-class>oracle.mapviewer.webconsole.beans.MenuItem</managed-bean-class>
    <managed-bean-scope>session</managed-bean-scope>
    <managed-property>
      <property-name>label</property-name>
      <value>#{mvbundle['menu2.xfmRequest']}</value>
    </managed-property>
    <managed-property>
      <property-name>viewId</property-name>
      <value>/request_csxfm.jspx</value>
    </managed-property>
    <managed-property>
      <property-name>outcome</property-name>
      <value>menu2_csxfmrequest</value>
    </managed-property>
  </managed-bean>
  <managed-bean>
    <managed-bean-name>sRequests</managed-bean-name>
    <managed-bean-class>oracle.mapviewer.webconsole.beans.SampleRequests</managed-bean-class>
    <managed-bean-scope>session</managed-bean-scope>
  </managed-bean>
  <managed-bean>
    <managed-bean-name>metadata</managed-bean-name>
    <managed-bean-class>oracle.mapviewer.webconsole.beans.Metadata</managed-bean-class>
    <managed-bean-scope>session</managed-bean-scope>
  </managed-bean>
  <managed-bean>
    <managed-bean-name>menu1_demos</managed-bean-name>
    <managed-bean-class>oracle.mapviewer.webconsole.beans.MenuItem</managed-bean-class>
    <managed-bean-scope>session</managed-bean-scope>
    <managed-property>
      <property-name>label</property-name>
      <value>#{mvbundle['menu.demos']}</value>
    </managed-property>
    <managed-property>
      <property-name>viewId</property-name>
      <value>/demos.jspx</value>
    </managed-property>
    <managed-property>
      <property-name>outcome</property-name>
      <value>menu_demos</value>
    </managed-property>
  </managed-bean>
  <managed-bean>
    <managed-bean-name>menu0_admin</managed-bean-name>
    <managed-bean-class>oracle.mapviewer.webconsole.beans.MenuItem</managed-bean-class>
    <managed-bean-scope>session</managed-bean-scope>
    <managed-property>
      <property-name>label</property-name>
      <value>#{mvbundle['menu.admin']}</value>
    </managed-property>
    <managed-property>
      <property-name>viewId</property-name>
      <value>/admin.jspx</value>
    </managed-property>
    <managed-property>
      <property-name>outcome</property-name>
      <value>menu_admin</value>
    </managed-property>
    <managed-property>
      <property-name>type</property-name>
      <value>global</value>
    </managed-property>
    <managed-property>
      <property-name>icon</property-name>
      <value>/myicons/logon_logo.gif</value>
    </managed-property>
  </managed-bean>
  <managed-bean>
    <managed-bean-name>menu0_help</managed-bean-name>
    <managed-bean-class>oracle.mapviewer.webconsole.beans.MenuItem</managed-bean-class>
    <managed-bean-scope>session</managed-bean-scope>
    <managed-property>
      <property-name>label</property-name>
      <value>#{mvbundle['menu.help']}</value>
    </managed-property>
    <managed-property>
      <property-name>viewId</property-name>
      <value>/help.jspx</value>
    </managed-property>
    <managed-property>
      <property-name>outcome</property-name>
      <value>menu_help</value>
    </managed-property>
    <managed-property>
      <property-name>type</property-name>
      <value>global</value>
    </managed-property>
    <managed-property>
      <property-name>icon</property-name>
      <value>/myicons/globalhelp.gif</value>
    </managed-property>
  </managed-bean>
  <managed-bean>
    <managed-bean-name>userInfo</managed-bean-name>
    <managed-bean-class>oracle.mapviewer.webconsole.beans.UserInfo</managed-bean-class>
    <managed-bean-scope>session</managed-bean-scope>
  </managed-bean>
  <managed-bean>
    <managed-bean-name>menu1_manage</managed-bean-name>
    <managed-bean-class>oracle.mapviewer.webconsole.beans.MenuItem</managed-bean-class>
    <managed-bean-scope>session</managed-bean-scope>
    <managed-property>
      <property-name>label</property-name>
      <value>#{mvbundle['menu.manage']}</value>
    </managed-property>
    <managed-property>
      <property-name>viewId</property-name>
      <value>/admin/admin.jspx</value>
    </managed-property>
    <managed-property>
      <property-name>outcome</property-name>
      <value>menu_manage</value>
    </managed-property>
    <managed-property>
      <property-name>children</property-name>
      <property-class>java.util.List</property-class>
      <list-entries>
        <value-class>oracle.mapviewer.webconsole.beans.MenuItem</value-class>
        <value>#{menu2_manage_mapviewer}</value>
        <value>#{menu2_manage_mapcache}</value>
      </list-entries>
    </managed-property>
    <managed-property>
      <property-name>adminMenu</property-name>
      <value>true</value>
    </managed-property>
  </managed-bean>
  <managed-bean>
    <managed-bean-name>menu2_manage_mapviewer</managed-bean-name>
    <managed-bean-class>oracle.mapviewer.webconsole.beans.MenuItem</managed-bean-class>
    <managed-bean-scope>session</managed-bean-scope>
    <managed-property>
      <property-name>label</property-name>
      <value>#{mvbundle['menu2.manageMV']}</value>
    </managed-property>
    <managed-property>
      <property-name>viewId</property-name>
      <value>/admin/admin.jspx</value>
    </managed-property>
    <managed-property>
      <property-name>outcome</property-name>
      <value>menu2_managemv</value>
    </managed-property>
    <managed-property>
      <property-name>adminMenu</property-name>
      <value>true</value>
    </managed-property>
    <managed-property>
      <property-name>children</property-name>
      <property-class>java.util.List</property-class>
      <list-entries>
        <value-class>oracle.mapviewer.webconsole.beans.MenuItem</value-class>
        <value>#{menu3_mvconfig}</value>
        <value>#{menu3_datasrc}</value>
        <value>#{menu3_geomcache}</value>
      </list-entries>
    </managed-property>
  </managed-bean>
  <managed-bean>
    <managed-bean-name>menu2_manage_mapcache</managed-bean-name>
    <managed-bean-class>oracle.mapviewer.webconsole.beans.MenuItem</managed-bean-class>
    <managed-bean-scope>session</managed-bean-scope>
    <managed-property>
      <property-name>label</property-name>
      <value>#{mvbundle['menu2.manageMCS']}</value>
    </managed-property>
    <managed-property>
      <property-name>viewId</property-name>
      <value>/admin/mcs_admin.jspx</value>
    </managed-property>
    <managed-property>
      <property-name>outcome</property-name>
      <value>menu2_managemcs</value>
    </managed-property>
    <managed-property>
      <property-name>adminMenu</property-name>
      <value>true</value>
    </managed-property>
    <managed-property>
      <property-name>children</property-name>
      <property-class>java.util.List</property-class>
      <list-entries>
        <value-class>oracle.mapviewer.webconsole.beans.MenuItem</value-class>
        <value>#{menu3_mcscreate}</value>
        <value>#{menu3_mcsmgr}</value>
      </list-entries>
    </managed-property>
  </managed-bean>
  <managed-bean>
    <managed-bean-name>menu3_mvconfig</managed-bean-name>
    <managed-bean-class>oracle.mapviewer.webconsole.beans.MenuItem</managed-bean-class>
    <managed-bean-scope>session</managed-bean-scope>
    <managed-property>
      <property-name>label</property-name>
      <value>#{mvbundle['menu3.mvconfig']}</value>
    </managed-property>
    <managed-property>
      <property-name>viewId</property-name>
      <value>/admin/admin_mvconfig.jspx</value>
    </managed-property>
    <managed-property>
      <property-name>outcome</property-name>
      <value>menu3_mvconfig</value>
    </managed-property>
    <managed-property>
      <property-name>adminMenu</property-name>
      <value>true</value>
    </managed-property>
  </managed-bean>
  <managed-bean>
    <managed-bean-name>menu3_datasrc</managed-bean-name>
    <managed-bean-class>oracle.mapviewer.webconsole.beans.MenuItem</managed-bean-class>
    <managed-bean-scope>session</managed-bean-scope>
    <managed-property>
      <property-name>label</property-name>
      <value>#{mvbundle['menu3.dsrc']}</value>
    </managed-property>
    <managed-property>
      <property-name>viewId</property-name>
      <value>/admin/admin_ds.jspx</value>
    </managed-property>
    <managed-property>
      <property-name>outcome</property-name>
      <value>menu3_dsrc</value>
    </managed-property>
    <managed-property>
      <property-name>adminMenu</property-name>
      <value>true</value>
    </managed-property>
  </managed-bean>
  <managed-bean>
    <managed-bean-name>menu3_geomcache</managed-bean-name>
    <managed-bean-class>oracle.mapviewer.webconsole.beans.MenuItem</managed-bean-class>
    <managed-bean-scope>session</managed-bean-scope>
    <managed-property>
      <property-name>label</property-name>
      <value>#{mvbundle['menu3.geomcache']}</value>
    </managed-property>
    <managed-property>
      <property-name>viewId</property-name>
      <value>/admin/admin_memcache.jspx</value>
    </managed-property>
    <managed-property>
      <property-name>outcome</property-name>
      <value>menu3_geomcache</value>
    </managed-property>
    <managed-property>
      <property-name>adminMenu</property-name>
      <value>true</value>
    </managed-property>
  </managed-bean>
  <managed-bean>
    <managed-bean-name>adminDataSrcs</managed-bean-name>
    <managed-bean-class>oracle.mapviewer.webconsole.beans.DataSources</managed-bean-class>
    <managed-bean-scope>session</managed-bean-scope>
  </managed-bean>
  <managed-bean>
    <managed-bean-name>newDataSrc</managed-bean-name>
    <managed-bean-class>oracle.mapviewer.webconsole.beans.NewDataSrc</managed-bean-class>
    <managed-bean-scope>session</managed-bean-scope>
  </managed-bean>
  <managed-bean>
    <managed-bean-name>menu3_mcsmgr</managed-bean-name>
    <managed-bean-class>oracle.mapviewer.webconsole.beans.MenuItem</managed-bean-class>
    <managed-bean-scope>session</managed-bean-scope>
    <managed-property>
      <property-name>label</property-name>
      <value>#{mvbundle['menu3.mcsmgr']}</value>
    </managed-property>
    <managed-property>
      <property-name>viewId</property-name>
      <value>/admin/mcs_admin.jspx</value>
    </managed-property>
    <managed-property>
      <property-name>outcome</property-name>
      <value>menu3_mcsmgr</value>
    </managed-property>
    <managed-property>
      <property-name>adminMenu</property-name>
      <value>true</value>
    </managed-property>
  </managed-bean>
  <managed-bean>
    <managed-bean-name>menu3_mcscreate</managed-bean-name>
    <managed-bean-class>oracle.mapviewer.webconsole.beans.MenuItem</managed-bean-class>
    <managed-bean-scope>session</managed-bean-scope>
    <managed-property>
      <property-name>label</property-name>
      <value>#{mvbundle['menu3.mcscreate']}</value>
    </managed-property>
    <managed-property>
      <property-name>viewId</property-name>
      <value>/admin/admin_mcs_create.jspx</value>
    </managed-property>
    <managed-property>
      <property-name>outcome</property-name>
      <value>menu3_mcscreate</value>
    </managed-property>
    <managed-property>
      <property-name>adminMenu</property-name>
      <value>true</value>
    </managed-property>
  </managed-bean>
  <managed-bean>
    <managed-bean-name>newMapCache</managed-bean-name>
    <managed-bean-class>oracle.mapviewer.webconsole.beans.NewMapCache</managed-bean-class>
    <managed-bean-scope>session</managed-bean-scope>
  </managed-bean>
  <managed-bean>
    <managed-bean-name>adminMCIs</managed-bean-name>
    <managed-bean-class>oracle.mapviewer.webconsole.beans.MapCacheInstances</managed-bean-class>
    <managed-bean-scope>session</managed-bean-scope>
  </managed-bean>
  <navigation-rule>
    <from-view-id>/admin/admin_mcs_create.jspx</from-view-id>
    <navigation-case>
      <from-outcome>create_mcs_i</from-outcome>
      <to-view-id>/admin/admin_mcs_createI.jspx</to-view-id>
      <redirect/>
    </navigation-case>
    <navigation-case>
      <from-outcome>create_mcs_e</from-outcome>
      <to-view-id>/admin/admin_mcs_createE.jspx</to-view-id>
    </navigation-case>
  </navigation-rule>
  <navigation-rule>
    <from-view-id>/admin/admin_mcs_createI.jspx</from-view-id>
    <navigation-case>
      <from-outcome>cancel</from-outcome>
      <to-view-id>/admin/admin_mcs_create.jspx</to-view-id>
    </navigation-case>
    <navigation-case>
      <from-outcome>success</from-outcome>
      <to-view-id>/admin/mcs_admin.jspx</to-view-id>
    </navigation-case>
    <navigation-case>
      <from-outcome>int_mci_xml</from-outcome>
      <to-view-id>/admin/admin_mcs_createI_xml.jspx</to-view-id>
    </navigation-case>
  </navigation-rule>
  <navigation-rule>
    <from-view-id>/admin/admin_mcs_createE.jspx</from-view-id>
    <navigation-case>
      <from-outcome>cancel</from-outcome>
      <to-view-id>/admin/admin_mcs_create.jspx</to-view-id>
    </navigation-case>
    <navigation-case>
      <from-outcome>success</from-outcome>
      <to-view-id>/admin/mcs_admin.jspx</to-view-id>
    </navigation-case>
    <navigation-case>
      <from-outcome>ext_mci_xml</from-outcome>
      <to-view-id>/admin/admin_mcs_createE_xml.jspx</to-view-id>
    </navigation-case>
  </navigation-rule>
  <managed-bean>
    <managed-bean-name>adminThemeCache</managed-bean-name>
    <managed-bean-class>oracle.mapviewer.webconsole.beans.ThemeGeomCache</managed-bean-class>
    <managed-bean-scope>session</managed-bean-scope>
  </managed-bean>
  <managed-bean>
    <managed-bean-name>mvconfig</managed-bean-name>
    <managed-bean-class>oracle.mapviewer.webconsole.beans.MVConfig</managed-bean-class>
    <managed-bean-scope>session</managed-bean-scope>
  </managed-bean>
  <managed-bean>
    <managed-bean-name>menu0_logout</managed-bean-name>
    <managed-bean-class>oracle.mapviewer.webconsole.beans.MenuItem</managed-bean-class>
    <managed-bean-scope>session</managed-bean-scope>
    <managed-property>
      <property-name>label</property-name>
      <value>#{mvbundle['menu.logout']}</value>
    </managed-property>
    <managed-property>
      <property-name>viewId</property-name>
      <value>/home.jspx</value>
    </managed-property>
    <managed-property>
      <property-name>outcome</property-name>
      <value>menu_logout</value>
    </managed-property>
    <managed-property>
      <property-name>type</property-name>
      <value>global</value>
    </managed-property>
    <managed-property>
      <property-name>icon</property-name>
      <value>/myicons/logon_logo.gif</value>
    </managed-property>
    <managed-property>
      <property-name>adminMenu</property-name>
      <value>true</value>
    </managed-property>
  </managed-bean>
  <managed-bean>
    <managed-bean-name>menu2_request_mcs</managed-bean-name>
    <managed-bean-class>oracle.mapviewer.webconsole.beans.MenuItem</managed-bean-class>
    <managed-bean-scope>session</managed-bean-scope>
    <managed-property>
      <property-name>label</property-name>
      <value>#{mvbundle['menu2.mcsRequest']}</value>
    </managed-property>
    <managed-property>
      <property-name>viewId</property-name>
      <value>/request_mcs.jspx</value>
    </managed-property>
    <managed-property>
      <property-name>outcome</property-name>
      <value>menu2_mcsreq</value>
    </managed-property>    
  </managed-bean>
  <navigation-rule>
    <from-view-id>/admin/admin_mcs_createE_xml.jspx</from-view-id>
    <navigation-case>
      <from-outcome>success</from-outcome>
      <to-view-id>/admin/mcs_admin.jspx</to-view-id>
    </navigation-case>
    <navigation-case>
      <from-outcome>cancel</from-outcome>
      <to-view-id>/admin/admin_mcs_create.jspx</to-view-id>
    </navigation-case>
  </navigation-rule>
  <navigation-rule>
    <from-view-id>/admin/admin_mcs_createI_xml.jspx</from-view-id>
    <navigation-case>
      <from-outcome>success</from-outcome>
      <to-view-id>/admin/mcs_admin.jspx</to-view-id>
    </navigation-case>
    <navigation-case>
      <from-outcome>cancel</from-outcome>
      <to-view-id>/admin/admin_mcs_create.jspx</to-view-id>
    </navigation-case>
  </navigation-rule>
  <navigation-rule>
    <from-view-id>/admin/mcs_admin.jspx</from-view-id>
    <navigation-case>
      <from-outcome>view_details</from-outcome>
      <to-view-id>/admin/admin_mcs_view_details.jspx</to-view-id>
    </navigation-case>
    <navigation-case>
      <from-outcome>view_map</from-outcome>
      <to-view-id>/admin/admin_mcs_view_map.jspx</to-view-id>
    </navigation-case>
    <navigation-case>
      <from-outcome>edit_cache_instance</from-outcome>
      <to-view-id>/admin/admin_mcs_edit.jspx</to-view-id>
    </navigation-case>
  </navigation-rule>
  <managed-bean>
    <managed-bean-name>MapCompPositions</managed-bean-name>
    <managed-bean-class>oracle.mapviewer.webconsole.beans.appwizard.AppWizardConsts</managed-bean-class>
    <managed-bean-scope>session</managed-bean-scope>
  </managed-bean>
  <managed-bean>
    <managed-bean-name>manageMapTiles</managed-bean-name>
    <managed-bean-class>oracle.mapviewer.webconsole.beans.ManageMapTiles</managed-bean-class>
    <managed-bean-scope>session</managed-bean-scope>
  </managed-bean>
  <validator>
    <validator-id>manageTilesValidator</validator-id>
    <validator-class>oracle.mapviewer.webconsole.validators.ManageTilesValidator</validator-class>
  </validator>
  <navigation-rule>
    <from-view-id>/admin/admin_mcs_view_map.jspx</from-view-id>
    <navigation-case>
      <from-outcome>back_to_mcs_admin</from-outcome>
      <to-view-id>/admin/mcs_admin.jspx</to-view-id>
    </navigation-case>
  </navigation-rule>
  <managed-bean>
    <managed-bean-name>edit_cache_instance</managed-bean-name>
    <managed-bean-class>oracle.mapviewer.webconsole.beans.EditCacheInstance</managed-bean-class>
    <managed-bean-scope>session</managed-bean-scope>
  </managed-bean>
  <navigation-rule>
    <from-view-id>/admin/admin_mcs_edit.jspx</from-view-id>
    <navigation-case>
      <from-outcome>cancel</from-outcome>
      <to-view-id>/admin/mcs_admin.jspx</to-view-id>
    </navigation-case>
    <navigation-case>
      <from-outcome>mcs_edit_xml</from-outcome>
      <to-view-id>/admin/admin_mcs_edit_xml.jspx</to-view-id>
    </navigation-case>
    <navigation-case>
      <from-outcome>success</from-outcome>
      <to-view-id>/admin/mcs_admin.jspx</to-view-id>
    </navigation-case>
    <navigation-case>
      <from-outcome>upload_adapter</from-outcome>
      <to-view-id>/admin/admin_mcs_upload_adapter.jspx</to-view-id>
    </navigation-case>
  </navigation-rule>
  <navigation-rule>
    <from-view-id>/admin/admin_mcs_edit_xml.jspx</from-view-id>
    <navigation-case>
      <from-outcome>return</from-outcome>
      <to-view-id>/admin/admin_mcs_edit.jspx</to-view-id>
    </navigation-case>
    <navigation-case>
      <from-outcome>success</from-outcome>
      <to-view-id>/admin/mcs_admin.jspx</to-view-id>
    </navigation-case>
    <navigation-case>
      <from-outcome>cancel</from-outcome>
      <to-view-id>/admin/admin_mcs_edit.jspx</to-view-id>
    </navigation-case>
  </navigation-rule>
  <navigation-rule>
    <from-view-id>/admin/admin_mcs_upload_adapter.jspx</from-view-id>
    <navigation-case>
      <from-outcome>success</from-outcome>
      <to-view-id>/admin/admin_mcs_edit.jspx</to-view-id>
    </navigation-case>
  </navigation-rule>
</faces-config>
